<?xml version="1.0" encoding="UTF-8" ?>
<Module>
	<ModulePrefs title="Topology Tree"
		description="Easily view the health of your infrastructure's core topology using this interactive topology gadget. View the entire topology or pick and choose which segments to focus on."
		thumbnail="thumbs.png" />
	<gadget_version>
		1.3
	</gadget_version>
	<grid_info>
		<supported_versions>
			7.3,7.4,7.5,7.6,7.7,7.8,7.9,7.10,8.0
		</supported_versions>
		<supported_platforms>
			windows,linux
		</supported_platforms>
		<requires_agent_scripts>
			false
		</requires_agent_scripts>
		<upgrade_in_place>
			true
		</upgrade_in_place>
	</grid_info>
	<Content type="html">
<![CDATA[
<html lang="en">
	<head>
		<meta charset="utf-8" />
		<title>Topology Tree</title>
		#includeResources(jquery,d3)
		<link href="__UPTIME_GADGET_BASE__/chosen/chosen.css" rel="stylesheet" />
		<link href="__UPTIME_GADGET_BASE__/font-awesome/css/font-awesome.min.css" rel="stylesheet" />
		<link href="__UPTIME_GADGET_BASE__/topology.css" rel="stylesheet" />
		<script src="__UPTIME_GADGET_BASE__/chosen/chosen.jquery.js?v=<%= pkg.gadget_version %>"></script>
		<script src="__UPTIME_GADGET_BASE__/TopologyTreeSourceCreator.js?v=<%= pkg.gadget_version %>"></script>
		<script src="__UPTIME_GADGET_BASE__/TopologyTreeBuilder.js?v=<%= pkg.gadget_version %>"></script>
		<script src="__UPTIME_GADGET_BASE__/topologyTree.js?v=<%= pkg.gadget_version %>"></script>
	</head>
	<body>
		<div id="treeControls">
			<select data-placeholder="Filter by topological parent" multiple="true" id="topologicalParentFilter"></select>
			<button id="expandAll">Expand All</button>
			<button id="reset">Reset</button>
			<div class="verticalDivider"></div>
			<button id="zoomIn"><span class="icon-zoom-in"></span></button>
			<button id="zoomReset"><span class="icon-mail-reply"></span></button>
			<button id="zoomOut"><span class="icon-zoom-out"></span></button>
		</div>
		<div id="treeContainer"><img id="progressBar" src="__UPTIME_GADGET_BASE__/InProgress.gif" /></div>
		<div id="tooltip"></div>
		<div id="notificationPanel"></div>
	</body>
</html>
]]>
	</Content>
</Module>
